, School Name,,,,,,,,
,Mail Id,,,,,,,,
,ThinkQuest School Code.,,,,,,,,
,CO-ordinator Name,,,,,,,,
,ThinkQuest Coordinator Code,,,,,,,,
,CO-ordinator Contact No.,,,,,,,,
,,,,,,,,,
SL. NO.,Student Name ,Mail ID,Phone NO.,Grade, Social Science,Science,CT&AI,Maths,English
1,Hanan Hashim,hanan@gmail.com,9123456780,11,Y,Y,Y,N,N
2,Nimesh,nimesh@gmail.com,9876543210,9,N,N,Y,N,Y
3,Merlin ,merlin@gmail.com,7987654321,11,Y,N,Y,Y,N
4,Akshay.K,akshayk@gmail.com,9345678901,12,N,Y,Y,Y,Y
5,Shallet,shallet@gmail.com,8976543210,10,N,N,Y,N,N
,,,,,,,,,
,,,,,,,,,
,,,,,,,,,
,,,,,,,,,
,,,,,,,,,
,,,,,,,,,
,,,,,,,,,
,,,,,,,,,
,,,,,,,,,
,,,,,,,,,
,,,,,,,,,
,,,,,,,,,
,,,,,,,,,
,,,,,,,,,
,,,,,,,,,
,,,,,,,,,
,,,,,,,,,
,,,,,,,,,
,,,,,,,,,
,,,,,,,,,
,,,,,,,,,
,,,,,,,,,
,,,,,,,,,
,,,,,,,,,
,,,,,,,,,
,,,,,,,,,
,,,,,,,,,
,,,,,,,,,
,,,,,,,,,
,,,,,,,,,
,,,,,,,,,
,,,,,,,,,
,,,,,,,,,
,,,,,,,,,
,,,,,,,,,
,,,,,,,,,
,,,,,,,,,
,,,,,,,,,
,,,,,,,,,
,,,,,,,,,
,,,,,,,,,
,,,,,,,,,
,,,,,,,,,
,,,,,,,,,
,,,,,,,,,
,,,,,,,,,
,,,,,,,,,
,,,,,,,,,
,,,,,,,,,
,,,,,,,,,
,,,,,,,,,
,,,,,,,,,
,,,,,,,,,
,,,,,,,,,
,,,,,,,,,
,,,,,,,,,
,,,,,,,,,
,,,,,,,,,
,,,,,,,,,
,,,,,,,,,
,,,,,,,,,
,,,,,,,,,
,,,,,,,,,
,,,,,,,,,
,,,,,,,,,
,,,,,,,,,
,,,,,,,,,
,,,,,,,,,
,,,,,,,,,
,,,,,,,,,
,,,,,,,,,
,,,,,,,,,
,,,,,,,,,
,,,,,,,,,
,,,,,,,,,
,,,,,,,,,
,,,,,,,,,
